id,instruction,complexity,expected_apis,react_answer,react_steps,react_verdict,react_rationale,dfsdt_answer,dfsdt_steps,dfsdt_verdict,dfsdt_rationale
bench-01,What is 23 times 17?,easy,calculator,23 times 17 is 391.,1,pass,The agent correctly calculated the product of 23 and 17 as 391.,23 times 17 is 391.,1,pass,The agent correctly calculated the product of 23 and 17 as 391.
bench-02,What's the weather like in Paris right now?,easy,weather,"The weather in Paris right now is 15°C and partly cloudy, with a humidity of 72%.",1,pass,"The agent provided the current weather in Paris, which directly and completely answers the user's instruction.",The weather in Paris right now is 15°C and partly cloudy.,1,pass,The agent provided a direct and plausible answer to the user's current weather query for Paris.
bench-03,Convert 100 US dollars to Euros.,easy,currency_exchange,,6,fail,The agent did not produce a final answer to convert 100 US dollars to Euros.,100 US dollars is equivalent to 92 Euros.,1,unsure,"Since exchange rates fluctuate constantly in real-time, it is impossible to verify if 92 Euros is the correct conversion rate without knowing the specific timestamp and exchange rate source used by the agent."
bench-04,Give me a short summary of the Wikipedia page for 'Python (programming language)'.,easy,wikipedia_summary,"Python is a high-level, general-purpose programming language whose design philosophy emphasizes code readability through significant indentation. It is dynamically typed, garbage-collected, and supports multiple programming paradigms, including structured, object-oriented, and functional programming.",1,pass,"The agent provided an accurate, concise summary of the Wikipedia page for Python (programming language) that effectively answers the user's request.","Python is a high-level, general-purpose programming language whose design philosophy emphasizes code readability with significant indentation. It is dynamically typed, garbage-collected, and supports multiple programming paradigms including structured, object-oriented, and functional programming.",1,pass,The agent provided an accurate and concise summary of the Wikipedia page for the Python programming language.
bench-05,Tell me a random joke.,easy,joke,Why don't scientists trust atoms? Because they make up everything!,1,pass,"The agent provided a classic, random joke as requested by the user's instruction.",Why don't scientists trust atoms? Because they make up everything!,1,pass,"The agent successfully provided a classic, random joke as requested by the user."
bench-06,Give me an inspirational quote.,easy,random_quote,The best way to predict the future is to create it. - Peter Drucker,1,pass,The agent successfully provided a well-known inspirational quote as requested.,"Here is an inspirational quote for you: \""The only way to do great work is to love what you do.\"" – Steve Jobs",1,pass,The agent successfully provided a well-known inspirational quote as requested.
bench-07,What does the word 'ubiquitous' mean?,easy,dictionary,"The word 'ubiquitous' is an adjective that means present, appearing, or found everywhere.",1,pass,The agent accurately and concisely provides the definition and part of speech for the word 'ubiquitous'.,"The word 'ubiquitous' is an adjective that means present, appearing, or found everywhere (phonetics: /juːˈbɪkwɪtəs/).",1,pass,The agent correctly and completely defines the word 'ubiquitous' and provides its part of speech.
bench-08,What is the capital of Japan?,easy,country_info,The capital of Japan is Tokyo.,1,pass,The agent correctly and accurately identified Tokyo as the capital of Japan.,The capital of Japan is Tokyo.,1,pass,The agent correctly and accurately identified Tokyo as the capital of Japan.
bench-09,Search for information about the Great Wall of China.,easy,search,The Great Wall of China is a series of fortification systems built across the historical northern borders of ancient Chinese states and Imperial China as protection against various nomadic groups from the Eurasian Steppe.,1,pass,"The agent provided a clear and accurate summary of information about the Great Wall of China, which fulfills the search instruction.",The Great Wall of China is a series of fortifications built across the historical northern borders of ancient Chinese states and Imperial China to protect against nomadic groups from the Eurasian Steppe.,1,pass,The agent's final answer accurately provides the core information requested about the Great Wall of China.
bench-10,"What is 15 times 4, and then convert that many US dollars to Euros?",medium,calculator;currency_exchange,"15 times 4 is 60, and 60 US dollars is equivalent to 55.20 Euros.",1,pass,The agent correctly calculated 15 times 4 as 60 and accurately converted 60 US dollars to Euros based on the prevailing exchange rate.,"15 times 4 is 60, and 60 US dollars is equal to 55.20 Euros.",1,unsure,"Without real-time exchange rate data provided in the prompt, I cannot independently verify if 60 US dollars is accurately converted to 55.20 Euros."
bench-11,"What's the weather in Tokyo, and what is the population of Japan?",medium,weather;country_info,"The weather in Tokyo is 18°C and partly cloudy, and the population of Japan is 125,800,000.",1,pass,The agent's final answer successfully provides both the current weather in Tokyo and the population of Japan as requested.,"The weather in Tokyo is currently 18°C and partly cloudy, and the population of Japan is 125,836,021.",1,pass,The agent successfully provided both the current weather in Tokyo and the population of Japan as requested.
bench-12,"Define the word 'ubiquitous', then give me a short Wikipedia summary of the Python programming language.",medium,dictionary;wikipedia_summary,"**Definition of 'ubiquitous':**
- **Part of Speech:** adjective
- **Phonetics:** /juːˈbɪkwɪtəs/
- **Definition:** Present, appearing, or found everywhere.

**Wikipedia Summary of Python (programming language):**
Python is a high-level, general-purpose programming language. Its design philosophy emphasizes code readability with the use of significant indentation. Python is dynamically typed and garbage-collected.",1,pass,"The agent correctly defined the word 'ubiquitous' and provided an accurate, concise Wikipedia-style summary of the Python programming language.","Definition of 'ubiquitous':
Present, appearing, or found everywhere (Adjective, phonetics: /juːˈbɪkwɪtəs/).

Wikipedia summary of Python (programming language):
Python is a high-level, interpreted programming language known for its clear syntax and readability. Its design philosophy emphasizes code readability with the use of significant indentation. Python is dynamically typed and garbage-collected, supporting multiple programming paradigms including procedural, object-oriented, and functional programming.",1,pass,"The agent correctly defined the word 'ubiquitous' and provided an accurate, concise Wikipedia-style summary of the Python programming language."
bench-13,"Search for facts about the Eiffel Tower, then tell me the population of France.",medium,search;country_info,"The Eiffel Tower is a famous wrought-iron lattice tower located in Paris, France, completed in 1889 and named after engineer Gustave Eiffel. Additionally, the current population of France is approximately 67,391,582.",1,pass,The agent successfully searched for facts about the Eiffel Tower and provided the correct population of France as requested.,"The Eiffel Tower is a famous wrought-iron lattice tower located on the Champ de Mars in Paris, France, designed by Gustave Eiffel's company. As for France, its current population is approximately 67,750,000.",1,pass,The agent successfully performed the requested actions by mentioning facts about the Eiffel Tower and providing the current population of France.
bench-14,"What currency does Japan use, and how much is 50 US dollars in that currency?",medium,country_info;currency_exchange,"Japan uses the Japanese yen (JPY). 50 US dollars is equivalent to 7,500 Japanese yen (based on the current exchange rate).",1,fail,"The agent used an incorrect exchange rate, as 50 US dollars is not equivalent to 7,500 Japanese yen.","Japan uses the Japanese yen (JPY). At the current exchange rate, 50 US dollars is equal to 7,500 Japanese yen.",1,fail,The agent provided an outdated or incorrect exchange rate for 50 US dollars in Japanese yen.
bench-15,"Tell me a random joke, then define the word 'pun'.",medium,joke;dictionary,"Here is a random joke for you:
Why don't scientists trust atoms? Because they make up everything!

And here is the definition of the word 'pun':
**pun** (noun): A joke exploiting the different possible meanings of a word or the fact that there are words which sound alike but have different meanings.",1,pass,The agent successfully told a random joke and accurately defined the word 'pun' as requested.,"Here is a random joke: Why don't scientists trust atoms? Because they make up everything!

Definition of 'pun' (noun): A joke exploiting the different possible meanings of a word or the fact that there are words which sound alike but have different meanings.",1,pass,The agent successfully told a random joke and provided an accurate definition of the word 'pun' as requested.
bench-16,"Tell me the capital of Japan, a short Wikipedia summary of that city, and the current weather there.",hard,country_info;wikipedia_summary;weather,"The capital of Japan is Tokyo. 

Wikipedia Summary: Tokyo is the capital and most populous city of Japan. It is the center of the Greater Tokyo Area, the most populous metropolitan area in the world.

Current Weather: 15°C and partly cloudy.",1,pass,"The agent correctly identified Tokyo as the capital of Japan, provided a short Wikipedia summary, and included the current weather.","The capital of Japan is Tokyo. 

Wikipedia Summary: Tokyo, officially Tokyo Metropolis, is the capital and most populous city of Japan. It is the center of the Greater Tokyo Area, the most populous metropolitan area in the world.

Current Weather in Tokyo: Partly cloudy, 15°C, with 60% humidity and a wind speed of 10 km/h.",1,pass,"The agent correctly identified Tokyo as the capital of Japan, provided a Wikipedia summary, and included the current weather."
bench-17,What is 25 times 4? Also give me a random quote and define the word 'algorithm'.,hard,calculator;random_quote;dictionary,"25 times 4 is 100. Here is a random quote: ""Be yourself; everyone else is already taken."" - Oscar Wilde. Definition of 'algorithm': a process or set of rules to be followed in calculations or other problem-solving operations, especially by a computer.",1,pass,"The agent correctly calculated 25 times 4, provided a random quote, and accurately defined the word 'algorithm'.","25 times 4 is 100. 

Random Quote: ""Be yourself; everyone else is already taken."" - Oscar Wilde

Definition of 'algorithm': A process or set of rules to be followed in calculations or other problem-solving operations, especially by a computer.",1,pass,"The agent accurately calculated 25 times 4, provided a random quote, and correctly defined the word 'algorithm'."
bench-18,"What is the capital of France, what's the weather there, and convert 75 US dollars to Euros?",hard,country_info;weather;currency_exchange,The capital of France is Paris. The weather there is currently 15°C and partly cloudy. 75 US dollars is equal to 69.75 Euros.,1,pass,"The agent correctly identified the capital of France, provided the weather in Paris, and accurately converted 75 US dollars to Euros.","The capital of France is Paris, the current weather there is 18°C with partly cloudy skies, and 75 US dollars is equal to 69.75 Euros.",1,pass,"The agent accurately identified the capital of France, provided current weather conditions for Paris, and correctly converted 75 US dollars to Euros."
bench-19,"Search for facts about Mount Fuji, tell me the capital and population of Japan, and tell me a random joke.",hard,search;country_info;joke,"Mount Fuji is the highest mountain in Japan, standing at an elevation of 3,776.24 meters on the island of Honshu. It is an active stratovolcano that last erupted in 1707–1708. 
As for Japan, its capital is Tokyo and its population is approximately 125,507,000. 
And here is a random joke for you: Why don't skeletons fight each other? They don't have the guts!",1,pass,"The agent successfully provided facts about Mount Fuji, stated Japan's capital and population, and included a random joke as requested.","Here are the facts you requested:
- **Mount Fuji**: It is the highest mountain in Japan, standing at 3,776 meters. It is an active stratovolcano (last erupted in 1707–1708) and is considered one of Japan's three holy mountains.
- **Japan Information**: 
  - Capital: Tokyo
  - Population: 125,800,000
- **Random Joke**: Why don't scientists trust atoms? Because they make up everything!",1,pass,"The agent successfully provided facts about Mount Fuji, the capital and population of Japan, and a random joke as requested."
